{
    "Objects": [
        {
            "name": "Land_Mine_Building",
            "pos": [
                6167.080078125,
                306.9010009765625,
                7666.3701171875
            ],
            "ypr": [
                32.399898529052737,
                0.0,
                0.0
            ]
        },
        {
            "name": "StaticObj_ammoboxes_stacked",
            "pos": [
                6165.3369140625,
                301.0700988769531,
                7683.7119140625
            ],
            "ypr": [
                8.999984741210938,
                -0.0,
                -0.0
            ]
        },
        {
            "name": "StaticObj_ammoboxes_stacked",
            "pos": [
                6166.84375,
                300.9258117675781,
                7682.12548828125
            ],
            "ypr": [
                44.99999237060547,
                -0.0,
                -0.0
            ],
            "scale": 0.9999999403953552,
            "enableCEPersistency": 0
        }
    ]
}